Commit 1 on Thu Jan 15 05:02:33 UTC 2026
Commit 2 on Thu Jan 15 05:02:43 UTC 2026
Commit 3 on Thu Jan 15 05:02:53 UTC 2026
Commit 4 on Thu Jan 15 05:03:04 UTC 2026
Commit 5 on Thu Jan 15 05:03:14 UTC 2026
Commit 1 on Fri Jan 16 02:27:37 UTC 2026
Commit 2 on Fri Jan 16 02:27:47 UTC 2026
Commit 3 on Fri Jan 16 02:27:57 UTC 2026
Commit 4 on Fri Jan 16 02:28:07 UTC 2026
Commit 5 on Fri Jan 16 02:28:17 UTC 2026
Commit 1 on Fri Jan 16 14:43:29 UTC 2026
Commit 2 on Fri Jan 16 14:43:39 UTC 2026
Commit 3 on Fri Jan 16 14:43:49 UTC 2026
Commit 1 on Fri Jan 16 14:46:22 UTC 2026
Commit 2 on Fri Jan 16 14:46:32 UTC 2026
Commit 3 on Fri Jan 16 14:46:42 UTC 2026
Commit 4 on Fri Jan 16 14:46:52 UTC 2026
Commit 5 on Fri Jan 16 14:47:02 UTC 2026
Commit 6 on Fri Jan 16 14:47:12 UTC 2026
Commit 7 on Fri Jan 16 14:47:22 UTC 2026
Commit 1 on Sat Jan 17 02:20:19 UTC 2026
Commit 2 on Sat Jan 17 02:20:29 UTC 2026
Commit 3 on Sat Jan 17 02:20:39 UTC 2026
Commit 4 on Sat Jan 17 02:20:49 UTC 2026
Commit 5 on Sat Jan 17 02:20:59 UTC 2026
Commit 6 on Sat Jan 17 02:21:09 UTC 2026
Commit 7 on Sat Jan 17 02:21:19 UTC 2026
Commit 8 on Sat Jan 17 02:21:29 UTC 2026
Commit 9 on Sat Jan 17 02:21:39 UTC 2026
Commit 1 on Sun Jan 18 02:36:14 UTC 2026
Commit 2 on Sun Jan 18 02:36:24 UTC 2026
Commit 3 on Sun Jan 18 02:36:34 UTC 2026
Commit 4 on Sun Jan 18 02:36:44 UTC 2026
Commit 5 on Sun Jan 18 02:36:54 UTC 2026
Commit 1 on Mon Jan 19 02:33:07 UTC 2026
Commit 2 on Mon Jan 19 02:33:17 UTC 2026
Commit 3 on Mon Jan 19 02:33:27 UTC 2026
Commit 1 on Tue Jan 20 02:27:54 UTC 2026
Commit 2 on Tue Jan 20 02:28:04 UTC 2026
Commit 3 on Tue Jan 20 02:28:14 UTC 2026
Commit 4 on Tue Jan 20 02:28:24 UTC 2026
Commit 5 on Tue Jan 20 02:28:34 UTC 2026
Commit 6 on Tue Jan 20 02:28:44 UTC 2026
Commit 1 on Wed Jan 21 02:30:05 UTC 2026
Commit 2 on Wed Jan 21 02:30:15 UTC 2026
Commit 3 on Wed Jan 21 02:30:25 UTC 2026
Commit 4 on Wed Jan 21 02:30:35 UTC 2026
Commit 5 on Wed Jan 21 02:30:45 UTC 2026
Commit 6 on Wed Jan 21 02:30:55 UTC 2026
Commit 7 on Wed Jan 21 02:31:05 UTC 2026
Commit 8 on Wed Jan 21 02:31:15 UTC 2026
Commit 9 on Wed Jan 21 02:31:25 UTC 2026
Commit 1 on Thu Jan 22 02:32:12 UTC 2026
Commit 2 on Thu Jan 22 02:32:22 UTC 2026
Commit 3 on Thu Jan 22 02:32:32 UTC 2026
Commit 4 on Thu Jan 22 02:32:42 UTC 2026
Commit 1 on Fri Jan 23 02:27:51 UTC 2026
Commit 2 on Fri Jan 23 02:28:01 UTC 2026
Commit 1 on Sat Jan 24 02:23:05 UTC 2026
Commit 2 on Sat Jan 24 02:23:15 UTC 2026
Commit 3 on Sat Jan 24 02:23:25 UTC 2026
Commit 4 on Sat Jan 24 02:23:35 UTC 2026
Commit 5 on Sat Jan 24 02:23:45 UTC 2026
Commit 1 on Sun Jan 25 02:40:07 UTC 2026
Commit 2 on Sun Jan 25 02:40:17 UTC 2026
Commit 3 on Sun Jan 25 02:40:27 UTC 2026
Commit 4 on Sun Jan 25 02:40:37 UTC 2026
Commit 5 on Sun Jan 25 02:40:47 UTC 2026
